Reference, Quantity, Value, Footprint, Datasheet, Checked, Distributor, Manufacturer, Manufacturer_No, Availability, Field4
BT1 ,1,"CR1220","Battery:BatteryHolder_Keystone_3000_1x12mm","~","y","Mouser","Keystone","3000","",""
C122 C161 ,2,"100uF","Capacitor_SMD:CP_Elec_6.3x7.7","~","y","Mouser","Panasonic","EEE-FTH101XAP","",""
C141 C100 C111 C114 C129 C130 C4 C5 C32 C1 C146 C145 ,12,"1uF","Capacitor_SMD:C_0603_1608Metric","~","y","Mouser","Taiyo Yuden","UMK107AB7105KA-T","",""
C143 C144 C154 C142 C30 C29 C28 C27 C138 C56 C57 C52 C53 C54 C55 C58 C59 C60 C61 C119 C101 C103 C113 C118 C115 C105 C108 C106 C109 C107 C110 C135 C136 C23 C24 C25 C22 C26 C40 C42 C39 C41 C66 C73 C70 C85 C76 C77 C84 C67 C74 C75 C94 C93 C92 C90 C97 C96 C95 C89 C88 C87 C86 C14 C8 C13 C12 C11 C10 C9 C15 C7 C49 C50 C2 C80 C140 C149 ,78,"0.1uF","Capacitor_SMD:C_0603_1608Metric","~","y","Mouser","Yageo","CC0603JPX7R9BB104","",""
C147 C127 C83 C123 C124 C126 C121 ,7,"47uF","Capacitor_SMD:C_0603_1608Metric","~","y","Mouser","Murata","GRM188R60J476ME15D","",""
C150 C137 C120 C99 C112 C131 C133 C132 C134 C43 C91 C63 C81 C72 C69 C71 C37 C46 C47 C34 ,20,"10uF","Capacitor_SMD:C_0603_1608Metric","~","y","Mouser","Murata","GRM188R6YA106MA73D","",""
C151 C139 C35 C33 C6 ,5,"4.7uF","Capacitor_SMD:C_0603_1608Metric","~","y","Mouser","TDK","C1608X5R1V475K080AC","",""
C152 C153 C102 C104 C116 C117 C128 C148 ,8,"10nF","Capacitor_SMD:C_0603_1608Metric","~","y","Mouser","KEMET","C0603C103K5RAC3190","",""
C18 C16 C17 C19 ,4,"220uF","Capacitor_SMD:CP_Elec_8x10","~","y","Mouser","UCC","EMZR500ARA221MHA0G","",""
C3 C31 ,2,"0.33uF","Capacitor_SMD:C_0603_1608Metric","~","y","Mouser","TDK","C1608X7R1H334K080AC","",""
C36 C38 ,2,"6.8pF","Capacitor_SMD:C_0603_1608Metric","~","y","Mouser","Vishay","VJ0603A6R8DXQCW1BC","",""
C44 C82 C125 C160 ,4,"2.2uF","Capacitor_SMD:C_0603_1608Metric","~","y","Mouser","Taiyo Yuden","UMK107BBJ225KA-T","",""
C45 ,1,"0.033uF","Capacitor_SMD:C_0603_1608Metric","~","y","Mouser","KEMET","C0603C333J4REC7411","",""
C65 ,1,"680pF","Capacitor_SMD:C_0603_1608Metric","~","y","Mouser","KEMET","C0603C681J5GACTU","",""
C68 C78 C79 C64 ,4,"2nF","Capacitor_SMD:C_0603_1608Metric","~","y","Mouser","Murata","GRM1885C1H202JA01D","",""
C98 C62 C21 C20 C51 C48 ,6,"18pF","Capacitor_SMD:C_0603_1608Metric","","y","Mouser","Yageo","CC0603JRNPO9BN180","",""
D1 ,1,"BZT52C10","Diode_SMD:D_SOD-123","~","y","Mouser","Diodes, Inc.","BZT52C10-7-F","",""
D11 ,1,"LED3V","LED_SMD:LED_0603_1608Metric","~","y","Mouser","ROHM","SMLEN3WBC8W1","",""
D12 ,1,"LED5V","LED_SMD:LED_0603_1608Metric","~","y","Mouser","ROHM","SMLEN3WBC8W1","",""
D2 ,1,"BAT46WJ,115","Diode_SMD:D_SOD-323","~","y","Mouser","Nexperia","BAT46WJ,115","",""
D20 D21 ,2,"SK54A-LTP","Diode_SMD:D_SMA","https://www.mouser.de/datasheet/2/258/SK52A-L-SK510A-L(DO-214AC)-1375089.pdf","y","Mouser","MCC","SK54A-LTP","",""
D22 ,1,"LED_WLAN1","LED_SMD:LED_0603_1608Metric","~","y","Mouser","ROHM","SMLEN3WBC8W1","",""
D23 ,1,"LED_NVME","LED_SMD:LED_0603_1608Metric","~","y","Mouser","ROHM","SMLEN3WBC8W1","",""
D3 D6 D4 ,3,"SBR0560S1","Diode_SMD:D_SOD-123","","y","Mouser","Diodes, Inc.","SBR0560S1","",""
D5 ,1,"RBR3MM60ATF","Diode_SMD:D_SOD-123","~","y","Mouser","ROHM","RBR3MM60ATF","",""
D7 ,1,"BZT52C6V2-7-F","Diode_SMD:D_SOD-123","~","y","Mouser","Diodes, Inc.","BZT52C6V2-7-F","",""
D8 ,1,"LEDCHG1","LED_SMD:LED_0603_1608Metric","~","y","Mouser","ROHM","SML-D12Y1WT86","",""
D9 ,1,"LEDCHG2","LED_SMD:LED_0603_1608Metric","~","y","Mouser","ROHM","SML-D12Y1WT86","",""
F2 F1 ,2,"0157004.DR","footprints:fuse_smf","~","y","Mouser","Littelfuse","0157004.DR","",""
FB3 FB4 FB2 FB1 FB8 FB9 FB5 FB6 FB7 ,9,"220@100MHz 1.4A","Inductor_SMD:L_0603_1608Metric","~","y","Mouser","Murata","BLM18PG221SH1D","",""
H1 ,1,"NGFF-Mount1","MountingHole:MountingHole_3.2mm_M3_DIN965_Pad","~","y","None","","","",""
H10 ,1,"LOGO_REFORM","reform2-motherboard:mntreform","~","y","None","","","",""
H11 ,1,"LABEL_MPCIE1","footprints:mpcie","~","y","None","","","",""
H12 ,1,"LABEL_MPCIE2","footprints:nvme","~","y","None","","","",""
H13 ,1,"LABEL_CPU","footprints:cpu","~","y","None","","","",""
H2 ,1,"NGFF-Mount2","MountingHole:MountingHole_3.2mm_M3_DIN965_Pad","~","y","None","","","",""
H22 H24 H25 H27 ,4,"MountingHole_Pad","footprints:WA-SMSI-M2","~","y","Mouser","Wurth","9774010243","",""
H3 ,1,"NGFF-Mount3","MountingHole:MountingHole_3.2mm_M3_DIN965_Pad","~","y","None","","","",""
H4 ,1,"WEEE","Symbol:WEEE-Logo_4.2x6mm_SilkScreen","~","y","None","","","",""
H8 H7 H6 H5 ,4,"MountingHole_Pad","MountingHole:MountingHole_2.2mm_M2_DIN965_Pad","~","y","None","","","",""
J1 ,1,"Jack-DC","footprints:SWC_RAPC712X","~","y","Mouser","Switchcraft","RAPC712X","",""
J10 ,1,"1-2199230-6","footprints:TE_1-2199230-6","","y","Mouser","TE","1-2199230-6","",""
J11 ,1,"48099-5701","footprints:MOLEX_48099-5701","","y","Mouser","Molex","48099-5701","",""
J13 ,1,"BATCON1","Connector_Molex:Molex_Pico-Lock_504050-0591_1x05-1MP_P1.50mm_Horizontal","~","y","Mouser","Molex","504050-0591","",""
J14 ,1,"USB_INT2","Connector_JST:JST_PH_B4B-PH-K_1x04_P2.00mm_Vertical","~","y","Digikey","JST","B4B-PH-K-S(LF)(SN)","",""
J15 ,1,"Conn_01x33","Connector_FFC-FPC:Hirose_FH12-33S-0.5SH_1x33-1MP_P0.50mm_Horizontal","~","y","Mouser","Hirose","FH12-33S-0.5SH(55)","",""
J16 ,1,"LINE_IN","Connector_PinHeader_2.00mm:PinHeader_1x03_P2.00mm_Vertical","~"
J19 ,1,"JTAG","Connector_PinHeader_2.54mm:PinHeader_2x04_P2.54mm_Vertical","~","y","Mouser","Amphenol FCI","79425-408HLF","",""
J2 ,1,"BATCON2","Connector_Molex:Molex_Pico-Lock_504050-0591_1x05-1MP_P1.50mm_Horizontal","~","y","Mouser","Molex","504050-0591","",""
J20 J18 ,2,"Conn_01x03_Male","Connector_PinHeader_2.54mm:PinHeader_1x03_P2.54mm_Vertical","~","y","Mouser","Wurth","61300311121","",""
J21 ,1,"Conn_01x04","Connector_JST:JST_PH_B4B-PH-K_1x04_P2.00mm_Vertical","~","y","Digikey","JST","B4B-PH-K-S(LF)(SN)","",""
J22 ,1,"LPC_IO","Connector_PinHeader_2.54mm:PinHeader_2x08_P2.54mm_Vertical","~","y","Mouser","Molex","87914-1616","",""
J23 ,1,"KDBSYSCTL","Connector_JST:JST_PH_B4B-PH-K_1x04_P2.00mm_Vertical","~","y","Digikey","JST","B4B-PH-K-S(LF)(SN)","",""
J24 ,1,"EDP_HEADER","Connector_PinHeader_2.00mm:PinHeader_2x15_P2.00mm_Vertical","~","y","Mouser","Molex","87758-3016","",""
J3 ,1,"SD_Card","footprints:TE_1775059-1","https://www.te.com/usa-en/product-1775059-1.html","y","Mouser","TE","1775059-1","",""
J4 ,1,"HDMI_A","footprints:HDMI-685119134923","https://en.wikipedia.org/wiki/HDMI","y","Mouser","Wurth","685119134923","",""
J6 J5 J17 ,3,"USB3_A","Connector_USB:USB3_A_Molex_48393-001","~","y","Mouser","Molex","48393-0003","",""
J7 ,1,"SJ-43516-SMT","footprints:SJ-43516-SMT","","y","Mouser","CUI","SJ-43516-SMT-TR","",""
J8 ,1,"USB_B_Micro","Connector_USB:USB_Micro-B_Molex-105017-0001","~","y","Mouser","Molex","105017-0001","",""
J9 ,1,"USB_INT1","Connector_JST:JST_PH_B4B-PH-K_1x04_P2.00mm_Vertical","~","y","Digikey","JST","B4B-PH-K-S(LF)(SN)","",""
L1 ,1,"22uH 5A","Inductor_SMD:L_12x12mm_H6mm","~","y","Mouser","Wurth","7447709220","",""
L2 ,1,"IMC1210ER100K","Inductor_SMD:L_1210_3225Metric","~","y","Mouser","Vishay Dale","IMC1210ER100K","",""
L3 L4 ,2,"68uH","Inductor_SMD:L_Bourns_SRR1210A","~","y","Mouser","Bourns","SRR1210-680M","",""
L5 ,1,"10uH","Inductor_SMD:L_1210_3225Metric","~","y","Mouser","Taiyo Yuden","CBC3225T100MRV","",""
L6 L7 ,2,"2.2uH","Inductor_SMD:L_1210_3225Metric","~","y","Mouser","Taiyo Yuden","BRL3225T2R2M","",""
P1 ,1,"J0G-0003NL","footprints:PULSE_J0G-0003NL","Conn RJ-45 Integrated Magnetics F 8 POS 2.03mm Solder RA Thru-Hole 17 Terminal 1 Port","y","Mouser","Pulse","J0G-0003NL","Good",""
Q14 Q11 Q5 Q10 Q9 Q8 Q7 Q6 Q12 ,9,"PMV50EPEAR","Package_TO_SOT_SMD:SOT-23","","y","Mouser","Nexperia","PMV50EPEAR","",""
Q18 Q3 ,2,"Si7461DP","footprints:PowerPAK_SO-8_Single_8Pads","","y","Mouser","Vishay Siliconix","SI7461DP-T1-E3","",""
Q2 Q1 Q15 Q17 ,4,"Si7850DP","footprints:PowerPAK_SO-8_Single_8Pads","http://www.irf.com/product-info/datasheets/data/irf8721pbf-1.pdf","y","Mouser","Vishay Siliconix","SI7850DP-T1-E3","",""
R1 ,1,"9.1k 1%","Resistor_SMD:R_0603_1608Metric","~","y","Mouser","Yageo","RC0603FR-079K1L","",""
R113 R119 R118 R117 R115 R45 R161 R128 R172 R54 ,10,"10k","Resistor_SMD:R_0603_1608Metric","~","y","Mouser","Yageo","RC0603FR-0710KL","",""
R120 R46 R86 R85 R84 R81 R178 R179 R181 R3 R56 R53 R8 R188 R189 ,15,"100k","Resistor_SMD:R_0603_1608Metric","~","y","Mouser","Vishay Dale","CRCW0603100KJNEAC","",""
R135 R136 R43 R44 R132 R131 R59 R58 R63 R60 R69 R68 R174 ,13,"4.7k","Resistor_SMD:R_0603_1608Metric","~","y","Mouser","Yageo","RC0603FR-074K7L","",""
R138 R114 R139 R150 R151 R121 R31 R25 R30 R29 R28 R27 R26 R32 R70 R72 ,16,"33","Resistor_SMD:R_0603_1608Metric","~","y","Mouser","Vishay Dale","CRCW060333R0FKEAC","",""
R140 ,1,"680","Resistor_SMD:R_0603_1608Metric","~","y","Mouser","Yageo","RC0603FR-07680RL","",""
R143 R142 R144 R48 R47 R80 ,6,"47k","Resistor_SMD:R_0603_1608Metric","~","y","Mouser","Vishay Dale","CRCW060347K0FKEAC","",""
R15 R9 R14 R13 R12 R11 R10 R16 R7 R52 R176 ,11,"100","Resistor_SMD:R_0603_1608Metric","~","y","Mouser","Vishay Dale","CRCW0603100RFKEAC","",""
R156 R41 R55 R96 R97 R4 R5 R6 R153 ,9,"1M","Resistor_SMD:R_0603_1608Metric","","y","Mouser","Yageo","RC0603FR-071ML","",""
R159 R158 R155 R154 R111 R191 R192 R145 R141 R187 R152 R35 R34 R65 R107 R104 R108 R105 R109 R106 R166 R149 R39 R123 R148 R77 R133 R134 R130 R129 R116 R146 R147 R103 R89 R88 R100 R101 R82 R83 R94 R95 R98 R73 R74 R75 R76 R79 R78 R124 R125 R126 R127 R157 R165 R163 R175 R51 R182 R185 R186 R137 R190 R193 ,64,"0","Resistor_SMD:R_0603_1608Metric","~","y","Mouser","Vishay Dale","CRCW06030000Z0EAC","",""
R167 ,1,"62","Resistor_SMD:R_0603_1608Metric","~","y","Mouser","Yageo","RC0603FR-0762RL","",""
R169 R170 R171 R168 R42 R160 R122 R40 R38 R37 R102 R71 ,12,"1.5k","Resistor_SMD:R_0603_1608Metric","~","y","Mouser","Yageo","RC0603FR-071K5L","",""
R173 ,1,"49.9k","Resistor_SMD:R_0603_1608Metric","~","y","Mouser","Vishay Dale","CRCW060349K9FKEAC","",""
R177 ,1,"0.02","Resistor_SMD:R_0612_1632Metric","~","y","Mouser","ROHM","LTR18EZPFSR020","",""
R180 ,1,"150k","Resistor_SMD:R_0603_1608Metric","~","y","Mouser","Vishay Dale","CRCW0603150KFKEAC","",""
R2 ,1,"1.3k 1%","Resistor_SMD:R_0603_1608Metric","~","y","Mouser","Yageo","RC0603FR-071K3L","",""
R23 R17 R22 R21 R20 R19 R18 R24 ,8,"3.3k","Resistor_SMD:R_0603_1608Metric","~","y","Mouser","Vishay Dale","CRCW06033K30FKEAC","",""
R33 R164 R183 R184 ,4,"1k","Resistor_SMD:R_0603_1608Metric","~","y","Mouser","Yageo","RC0603FR-071KL","",""
R50 R49 ,2,"0.01","Resistor_SMD:R_0612_1632Metric","~","y","Mouser","ROHM","LTR18EZPFU10L0","",""
R57 ,1,"9.53k","Resistor_SMD:R_0603_1608Metric","~","y","Mouser","Yageo","RC0603FR-079K53L","",""
R61 ,1,"90.9k 1%","Resistor_SMD:R_0603_1608Metric","~","y","Mouser","Vishay Dale","CRCW060390K9FKEAC","",""
R62 ,1,"10k 1%","Resistor_SMD:R_0603_1608Metric","~","y","Mouser","Yageo","RC0603FR-0710KL","",""
R64 ,1,"51k","Resistor_SMD:R_0603_1608Metric","~","y","Mouser","Yageo","RC0603FR-0751KL","",""
R66 R112 ,2,"220","Resistor_SMD:R_0603_1608Metric","~","y","Mouser","Yageo","RC0603FR-07220RL","",""
R67 R110 R36 ,3,"475","Resistor_SMD:R_0603_1608Metric","~","y","Mouser","Yageo","RC0603FR-07475RL","",""
R87 R99 ,2,"24.9k","Resistor_SMD:R_0603_1608Metric","~","y","Mouser","Yageo","RC0603FR-0724K9L","",""
R90 R92 R91 R93 ,4,"27","Resistor_SMD:R_0603_1608Metric","~","y","Mouser","Yageo","RC0603FR-0727RL","",""
SW1 ,1,"SW_LPCPROG","Button_Switch_SMD:SW_DIP_SPSTx01_Slide_Omron_A6S-110x_W8.9mm_P2.54mm","~","y","Mouser","Omron","A6S-1101-H","",""
SW2 ,1,"SW_LPCRST","Button_Switch_SMD:SW_Push_1P1T_NO_CK_KMR2","~","y","Mouser","CK","KMR223NGULCLFG","",""
SW3 ,1,"SW_DIP_x01","Button_Switch_SMD:SW_DIP_SPSTx01_Slide_Omron_A6S-110x_W8.9mm_P2.54mm","~","y","Mouser","Omron","A6S-1101-H","",""
SW5 ,1,"SW_DIP_x04","Button_Switch_SMD:SW_DIP_SPSTx04_Slide_Omron_A6S-410x_W8.9mm_P2.54mm","~","y","Mouser","Omron","A6S-4101-H","",""
SW6 ,1,"SW_Push","Button_Switch_SMD:SW_Push_1P1T_NO_CK_KMR2","~","y","Mouser","CK","KMR223NGULCLFG","",""
TP1 ,1,"IMX_PWM4","TestPoint:TestPoint_Pad_D1.0mm","~","y","None","","","",""
TP10 ,1,"T_M4_NMI","TestPoint:TestPoint_Pad_D1.0mm","~","y","None","","","",""
TP12 ,1,"SAI2_RXC","TestPoint:TestPoint_Pad_D1.0mm","~","y","None","","","",""
TP2 ,1,"T_OTG","TestPoint:TestPoint_Pad_D1.0mm","~","y","None","","","",""
TP4 ,1,"T_EGPIO1","TestPoint:TestPoint_Pad_D1.0mm","~","y","None","","","",""
TP6 ,1,"T_EGPIO2","TestPoint:TestPoint_Pad_D1.0mm","~","y","None","","","",""
TP7 ,1,"T_EGPIO3","TestPoint:TestPoint_Pad_D1.0mm","~","y","None","","","",""
TP8 ,1,"T_PMIC_ON_REQ","TestPoint:TestPoint_Pad_D1.0mm","~","y","None","","","",""
TP9 ,1,"T_EGPIO4","TestPoint:TestPoint_Pad_D1.0mm","~","y","None","","","",""
U1 ,1,"Nitrogen8M","footprints:TE_1473149-4","","y","Mouser","TE","1717254-1","",""
U10 ,1,"SN65DSI86IPAPQ1","Package_QFP:HTQFP-64-1EP_10x10mm_P0.5mm_EP8x8mm","http://www.ti.com/lit/ds/symlink/sn65dsi86-q1.pdf","y","Mouser","Texas Instruments","SN65DSI86IPAPQ1","",""
U11 ,1,"679105700","footprints:MOLEX_67910-5700","","y","Mouser","Molex","67910-5700","",""
U12 ,1,"LM2677SX-3.3","Package_TO_SOT_SMD:TO-263-7_TabPin8","http://www.ti.com/lit/ds/symlink/lm2677.pdf","y","Mouser","Texas Instruments","LM2677S-3.3/NOPB","",""
U13 U19 ,2,"TLV62568DBV","Package_TO_SOT_SMD:SOT-23-5","http://www.ti.com/lit/ds/symlink/tlv62568.pdf","y","Mouser","Texas Instruments","TLV62568DBVR","",""
U14 ,1,"LM2841X","Package_TO_SOT_SMD:TSOT-23-6","http://www.ti.com/lit/ds/symlink/lm2842-q1.pdf","y","Mouser","Texas Instruments","LM2841XMK-ADJL/NOPB","",""
U15 U16 ,2,"TPS2561","Package_SON:VSON-10-1EP_3x3mm_P0.5mm_EP1.65x2.4mm_ThermalVias","http://www.ti.com/lit/ds/symlink/tps2561.pdf","y","Mouser","Texas Instruments","TPS2561DRCR","",""
U17 ,1,"TLV1117-18","Package_TO_SOT_SMD:SOT-223","http://www.ti.com/lit/ds/symlink/tlv1117.pdf","y","Mouser","Texas Instruments","TLV1117-18CDCYR","",""
U18 ,1,"LPC11U24FBD48-301","Package_QFP:LQFP-48_7x7mm_P0.5mm","http://www.nxp.com/documents/data_sheet/LPC11U2X.pdf","y","Mouser","NXP","LPC11U24FBD48-301","",""
U2 ,1,"LTC4020EUHFPBF","Package_DFN_QFN:QFN-38-1EP_5x7mm_P0.5mm_EP3.15x5.15mm","","y","Mouser","Analog Devices","LTC4020EUHF#PBF","","ltc4020euhf#pbf"
U22 ,1,"TPD12S521","footprints:TSSOP50P640X120-38N","","y","Mouser","Texas Instruments","TPD12S521","",""
U23 ,1,"IDT5V41066","Package_SO:TSSOP-20_4.4x6.5mm_P0.65mm","https://www.idt.com/document/dst/5v41066-datasheet","y","Mouser","IDT","5V41066PGGI8","",""
U3 ,1,"WM8960","Package_DFN_QFN:QFN-32-1EP_5x5mm_P0.5mm_EP3.45x3.45mm_ThermalVias","","y","Mouser","Cirrus Logic","WM8960CGEFL/V","",""
U4 ,1,"LTC6803-4","Package_SO:SSOP-44_5.3x12.8mm_P0.5mm","https://www.analog.com/media/en/technical-documentation/data-sheets/680324fa.pdf","y","Mouser","Analog Devices","LTC6803IG-4#PBF","",""
U5 ,1,"PCF8523T","Package_SO:SOIC-8_3.9x4.9mm_P1.27mm","https://www.nxp.com/docs/en/data-sheet/PCF8523.pdf","y","Mouser","NXP","PCF8523T/1,118","",""
U6 ,1,"INA260","Package_SO:TSSOP-16_4.4x5mm_P0.65mm","http://www.ti.com/lit/ds/symlink/ina260.pdf","y","Mouser","Texas Instruments","INA260AIPWR","",""
U7 ,1,"LM2677SX-5","Package_TO_SOT_SMD:TO-263-7_TabPin8","http://www.ti.com/lit/ds/symlink/lm2677.pdf","y","Mouser","Texas Instruments","LM2677SX-5","",""
U8 ,1,"TXS0108EPW","Package_SO:TSSOP-20_4.4x6.5mm_P0.65mm","www.ti.com/lit/ds/symlink/txs0108e.pdf","y","Mouser","Texas Instruments","TXS0108EPW","",""
U9 ,1,"TUSB8041IPAPRQ1","Package_QFP:HTQFP-64-1EP_10x10mm_P0.5mm_EP8x8mm_Mask4.4x4.4mm_ThermalVias","http://www.ti.com/lit/ds/symlink/tusb8041.pdf","y","Mouser","Texas Instruments","TUSB8041IPAPRQ1","",""
Y1 ,1,"24MHz","Crystal:Crystal_SMD_Abracon_ABM8G-4Pin_3.2x2.5mm","https://www.mouser.de/datasheet/2/3/ABM8AIG-783590.pdf","y","Mouser","Abracon","ABM8AIG-24.000MHz-R40-4-T","",""
Y2 ,1,"12MHz","Crystal:Crystal_SMD_Abracon_ABM8G-4Pin_3.2x2.5mm","https://www.mouser.de/datasheet/2/3/ABM8AIG-783590.pdf","y","Mouser","Abracon","ABM8AIG-12.000MHz-2-T","",""
Y3 ,1,"25MHz","Crystal:Crystal_SMD_Abracon_ABM8G-4Pin_3.2x2.5mm","","y","Mouser","Abracon","ABM8AIG-25.000MHz-R40-4-T","",""
Y4 ,1,"32.768 kHz","Crystal:Crystal_SMD_3215-2Pin_3.2x1.5mm","~","y","Mouser","ECS","ECS-.327-7-34B-TR","",""